time,consumption_fish,consumption_per_cap,cps_landings_ca,cps_landings_coastwide,cps_landings_or,cps_landings_wa,cps_revenue_ca,cps_revenue_coastwide,cps_revenue_or,cps_revenue_wa,crab_landings_ca,crab_landings_coastwide,crab_landings_or,crab_landings_wa,crab_revenue_ca,crab_revenue_coastwide,crab_revenue_or,crab_revenue_wa,fertilizer_applications,finfish_production,groundfish_landings_ca,groundfish_landings_coastwide,groundfish_landings_or,groundfish_landings_wa,groundfish_revenue_ca,groundfish_revenue_coastwide,groundfish_revenue_or,groundfish_revenue_wa,habitat_modification,hms_landings_ca,hms_landings_coastwide,hms_landings_or,hms_landings_wa,hms_revenue_ca,hms_revenue_coastwide,hms_revenue_or,hms_revenue_wa,oil_gas_production,other_species_landings_ca,other_species_landings_coastwide,other_species_landings_or,other_species_landings_wa,other_species_revenue_ca,other_species_revenue_coastwide,other_species_revenue_or,other_species_revenue_wa,pacific_hake_landings_ca,pacific_hake_landings_coastwide,pacific_hake_landings_or,pacific_hake_landings_wa,pacific_hake_revenue_ca,pacific_hake_revenue_coastwide,pacific_hake_revenue_or,pacific_hake_revenue_wa,recreational_landings_ca,recreational_landings_coastwide,recreational_landings_or,recreational_landings_wa,salmon_com_landings_ca,salmon_com_landings_coastwide,salmon_com_landings_or,salmon_com_landings_wa,salmon_rec_landings_ca,salmon_rec_landings_coastwide,salmon_rec_landings_or,salmon_rec_landings_wa,salmon_revenue_ca,salmon_revenue_coastwide,salmon_revenue_or,salmon_revenue_wa,shellfish_production,shipping_distance_traveled,shrimp_landings_ca,shrimp_landings_coastwide,shrimp_landings_or,shrimp_landings_wa,shrimp_revenue_ca,shrimp_revenue_coastwide,shrimp_revenue_or,shrimp_revenue_wa,squid_landings_ca,squid_landings_coastwide,squid_landings_or,squid_revenue_ca,squid_revenue_coastwide,squid_revenue_or,total_fisheries_landings_ca,total_fisheries_landings_coastwide,total_fisheries_landings_or,total_fisheries_landings_wa,total_fisheries_revenue_ca,total_fisheries_revenue_coastwide,total_fisheries_revenue_or,total_fisheries_revenue_wa
UTC,Millions of metric tons,kg,1000s metric tons,1000s metric tons,1000s metric tons,1000s metric tons,Millions $ (year 2015),Millions $ (year 2015),Millions $ (year 2015),Millions $ (year 2015),1000s metric tons,1000s metric tons,1000s metric tons,1000s metric tons,Millions $ (year 2015),Millions $ (year 2015),Millions $ (year 2015),Millions $ (year 2015),Normalized index,1000s mt,1000s metric tons,1000s metric tons,1000s metric tons,1000s metric tons,Millions $ (year 2015),Millions $ (year 2015),Millions $ (year 2015),Millions $ (year 2015),Weighted 1000s km,1000s metric tons,1000s metric tons,1000s metric tons,1000s metric tons,Millions $ (year 2015),Millions $ (year 2015),Millions $ (year 2015),Millions $ (year 2015),Normalized index,1000s metric tons,1000s metric tons,1000s metric tons,1000s metric tons,Millions $ (year 2015),Millions $ (year 2015),Millions $ (year 2015),Millions $ (year 2015),1000s metric tons,1000s metric tons,1000s metric tons,1000s metric tons,Millions $ (year 2015),Millions $ (year 2015),Millions $ (year 2015),Millions $ (year 2015),1000s metric tons,1000s metric tons,1000s metric tons,1000s metric tons,1000s metric tons,1000s metric tons,1000s metric tons,1000s metric tons,1000s fish,1000s fish,1000s fish,1000s fish,Millions $ (year 2015),Millions $ (year 2015),Millions $ (year 2015),Millions $ (year 2015),metric tons,Millions of km,1000s metric tons,1000s metric tons,1000s metric tons,1000s metric tons,Millions $ (year 2015),Millions $ (year 2015),Millions $ (year 2015),Millions $ (year 2015),1000s metric tons,1000s metric tons,1000s metric tons,Millions $ (year 2015),Millions $ (year 2015),Millions $ (year 2015),1000s metric tons,1000s metric tons,1000s metric tons,1000s metric tons,Millions $ (year 2015),Millions $ (year 2015),Millions $ (year 2015),Millions $ (year 2015)
1945-01-01T00:00:00Z,NaN,NaN,NaN,NaN,NaN,NaN,NaN,NaN,NaN,NaN,NaN,NaN,NaN,NaN,NaN,NaN,NaN,NaN,-1.8674945,NaN,NaN,NaN,NaN,NaN,NaN,NaN,NaN,NaN,NaN,NaN,NaN,NaN,NaN,NaN,NaN,NaN,NaN,NaN,NaN,NaN,NaN,NaN,NaN,NaN,NaN,NaN,NaN,NaN,NaN,NaN,NaN,NaN,NaN,NaN,NaN,NaN,NaN,NaN,NaN,NaN,NaN,NaN,NaN,NaN,NaN,NaN,NaN,NaN,NaN,NaN,NaN,NaN,NaN,NaN,NaN,NaN,NaN,NaN,NaN,NaN,NaN,NaN,NaN,NaN,NaN,NaN,NaN,NaN,NaN,NaN,NaN,NaN,NaN,NaN
1946-01-01T00:00:00Z,NaN,NaN,NaN,NaN,NaN,NaN,NaN,NaN,NaN,NaN,NaN,NaN,NaN,NaN,NaN,NaN,NaN,NaN,-1.7984143,NaN,NaN,NaN,NaN,NaN,NaN,NaN,NaN,NaN,NaN,NaN,NaN,NaN,NaN,NaN,NaN,NaN,NaN,NaN,NaN,NaN,NaN,NaN,NaN,NaN,NaN,NaN,NaN,NaN,NaN,NaN,NaN,NaN,NaN,NaN,NaN,NaN,NaN,NaN,NaN,NaN,NaN,NaN,NaN,NaN,NaN,NaN,NaN,NaN,NaN,NaN,NaN,NaN,NaN,NaN,NaN,NaN,NaN,NaN,NaN,NaN,NaN,NaN,NaN,NaN,NaN,NaN,NaN,NaN,NaN,NaN,NaN,NaN,NaN,NaN
1947-01-01T00:00:00Z,NaN,NaN,NaN,NaN,NaN,NaN,NaN,NaN,NaN,NaN,NaN,NaN,NaN,NaN,NaN,NaN,NaN,NaN,-1.7190671,NaN,NaN,NaN,NaN,NaN,NaN,NaN,NaN,NaN,NaN,NaN,NaN,NaN,NaN,NaN,NaN,NaN,NaN,NaN,NaN,NaN,NaN,NaN,NaN,NaN,NaN,NaN,NaN,NaN,NaN,NaN,NaN,NaN,NaN,NaN,NaN,NaN,NaN,NaN,NaN,NaN,NaN,NaN,NaN,NaN,NaN,NaN,NaN,NaN,NaN,NaN,NaN,NaN,NaN,NaN,NaN,NaN,NaN,NaN,NaN,NaN,NaN,NaN,NaN,NaN,NaN,NaN,NaN,NaN,NaN,NaN,NaN,NaN,NaN,NaN
1948-01-01T00:00:00Z,NaN,NaN,NaN,NaN,NaN,NaN,NaN,NaN,NaN,NaN,NaN,NaN,NaN,NaN,NaN,NaN,NaN,NaN,-1.639943,NaN,NaN,NaN,NaN,NaN,NaN,NaN,NaN,NaN,NaN,NaN,NaN,NaN,NaN,NaN,NaN,NaN,NaN,NaN,NaN,NaN,NaN,NaN,NaN,NaN,NaN,NaN,NaN,NaN,NaN,NaN,NaN,NaN,NaN,NaN,NaN,NaN,NaN,NaN,NaN,NaN,NaN,NaN,NaN,NaN,NaN,NaN,NaN,NaN,NaN,NaN,NaN,NaN,NaN,NaN,NaN,NaN,NaN,NaN,NaN,NaN,NaN,NaN,NaN,NaN,NaN,NaN,NaN,NaN,NaN,NaN,NaN,NaN,NaN,NaN
1949-01-01T00:00:00Z,NaN,NaN,NaN,NaN,NaN,NaN,NaN,NaN,NaN,NaN,NaN,NaN,NaN,NaN,NaN,NaN,NaN,NaN,-1.6148859,NaN,NaN,NaN,NaN,NaN,NaN,NaN,NaN,NaN,NaN,NaN,NaN,NaN,NaN,NaN,NaN,NaN,NaN,NaN,NaN,NaN,NaN,NaN,NaN,NaN,NaN,NaN,NaN,NaN,NaN,NaN,NaN,NaN,NaN,NaN,NaN,NaN,NaN,NaN,NaN,NaN,NaN,NaN,NaN,NaN,NaN,NaN,NaN,NaN,NaN,NaN,NaN,NaN,NaN,NaN,NaN,NaN,NaN,NaN,NaN,NaN,NaN,NaN,NaN,NaN,NaN,NaN,NaN,NaN,NaN,NaN,NaN,NaN,NaN,NaN
1950-01-01T00:00:00Z,NaN,NaN,NaN,NaN,NaN,NaN,NaN,NaN,NaN,NaN,NaN,NaN,NaN,NaN,NaN,NaN,NaN,NaN,-1.598818,NaN,NaN,NaN,NaN,NaN,NaN,NaN,NaN,NaN,NaN,NaN,NaN,NaN,NaN,NaN,NaN,NaN,NaN,NaN,NaN,NaN,NaN,NaN,NaN,NaN,NaN,NaN,NaN,NaN,NaN,NaN,NaN,NaN,NaN,NaN,NaN,NaN,NaN,NaN,NaN,NaN,NaN,NaN,NaN,NaN,NaN,NaN,NaN,NaN,NaN,NaN,NaN,NaN,NaN,NaN,NaN,NaN,NaN,NaN,NaN,NaN,NaN,NaN,NaN,NaN,NaN,NaN,NaN,NaN,NaN,NaN,NaN,NaN,NaN,NaN
1951-01-01T00:00:00Z,NaN,NaN,NaN,NaN,NaN,NaN,NaN,NaN,NaN,NaN,NaN,NaN,NaN,NaN,NaN,NaN,NaN,NaN,-1.5228152,NaN,NaN,NaN,NaN,NaN,NaN,NaN,NaN,NaN,NaN,NaN,NaN,NaN,NaN,NaN,NaN,NaN,NaN,NaN,NaN,NaN,NaN,NaN,NaN,NaN,NaN,NaN,NaN,NaN,NaN,NaN,NaN,NaN,NaN,NaN,NaN,NaN,NaN,NaN,NaN,NaN,NaN,NaN,NaN,NaN,NaN,NaN,NaN,NaN,NaN,NaN,NaN,NaN,NaN,NaN,NaN,NaN,NaN,NaN,NaN,NaN,NaN,NaN,NaN,NaN,NaN,NaN,NaN,NaN,NaN,NaN,NaN,NaN,NaN,NaN
1952-01-01T00:00:00Z,NaN,NaN,NaN,NaN,NaN,NaN,NaN,NaN,NaN,NaN,NaN,NaN,NaN,NaN,NaN,NaN,NaN,NaN,-1.4576764,NaN,NaN,NaN,NaN,NaN,NaN,NaN,NaN,NaN,NaN,NaN,NaN,NaN,NaN,NaN,NaN,NaN,NaN,NaN,NaN,NaN,NaN,NaN,NaN,NaN,NaN,NaN,NaN,NaN,NaN,NaN,NaN,NaN,NaN,NaN,NaN,NaN,NaN,NaN,NaN,NaN,NaN,NaN,NaN,NaN,NaN,NaN,NaN,NaN,NaN,NaN,NaN,NaN,NaN,NaN,NaN,NaN,NaN,NaN,NaN,NaN,NaN,NaN,NaN,NaN,NaN,NaN,NaN,NaN,NaN,NaN,NaN,NaN,NaN,NaN
1953-01-01T00:00:00Z,NaN,NaN,NaN,NaN,NaN,NaN,NaN,NaN,NaN,NaN,NaN,NaN,NaN,NaN,NaN,NaN,NaN,NaN,-1.4160874,NaN,NaN,NaN,NaN,NaN,NaN,NaN,NaN,NaN,NaN,NaN,NaN,NaN,NaN,NaN,NaN,NaN,NaN,NaN,NaN,NaN,NaN,NaN,NaN,NaN,NaN,NaN,NaN,NaN,NaN,NaN,NaN,NaN,NaN,NaN,NaN,NaN,NaN,NaN,NaN,NaN,NaN,NaN,NaN,NaN,NaN,NaN,NaN,NaN,NaN,NaN,NaN,NaN,NaN,NaN,NaN,NaN,NaN,NaN,NaN,NaN,NaN,NaN,NaN,NaN,NaN,NaN,NaN,NaN,NaN,NaN,NaN,NaN,NaN,NaN
1954-01-01T00:00:00Z,NaN,NaN,NaN,NaN,NaN,NaN,NaN,NaN,NaN,NaN,NaN,NaN,NaN,NaN,NaN,NaN,NaN,NaN,-1.3942516,NaN,NaN,NaN,NaN,NaN,NaN,NaN,NaN,NaN,NaN,NaN,NaN,NaN,NaN,NaN,NaN,NaN,NaN,NaN,NaN,NaN,NaN,NaN,NaN,NaN,NaN,NaN,NaN,NaN,NaN,NaN,NaN,NaN,NaN,NaN,NaN,NaN,NaN,NaN,NaN,NaN,NaN,NaN,NaN,NaN,NaN,NaN,NaN,NaN,NaN,NaN,NaN,NaN,NaN,NaN,NaN,NaN,NaN,NaN,NaN,NaN,NaN,NaN,NaN,NaN,NaN,NaN,NaN,NaN,NaN,NaN,NaN,NaN,NaN,NaN
1955-01-01T00:00:00Z,NaN,NaN,NaN,NaN,NaN,NaN,NaN,NaN,NaN,NaN,NaN,NaN,NaN,NaN,NaN,NaN,NaN,NaN,-1.3741456,NaN,NaN,NaN,NaN,NaN,NaN,NaN,NaN,NaN,NaN,NaN,NaN,NaN,NaN,NaN,NaN,NaN,NaN,NaN,NaN,NaN,NaN,NaN,NaN,NaN,NaN,NaN,NaN,NaN,NaN,NaN,NaN,NaN,NaN,NaN,NaN,NaN,NaN,NaN,NaN,NaN,NaN,NaN,NaN,NaN,NaN,NaN,NaN,NaN,NaN,NaN,NaN,NaN,NaN,NaN,NaN,NaN,NaN,NaN,NaN,NaN,NaN,NaN,NaN,NaN,NaN,NaN,NaN,NaN,NaN,NaN,NaN,NaN,NaN,NaN
1956-01-01T00:00:00Z,NaN,NaN,NaN,NaN,NaN,NaN,NaN,NaN,NaN,NaN,NaN,NaN,NaN,NaN,NaN,NaN,NaN,NaN,-1.3869847,NaN,NaN,NaN,NaN,NaN,NaN,NaN,NaN,NaN,NaN,NaN,NaN,NaN,NaN,NaN,NaN,NaN,NaN,NaN,NaN,NaN,NaN,NaN,NaN,NaN,NaN,NaN,NaN,NaN,NaN,NaN,NaN,NaN,NaN,NaN,NaN,NaN,NaN,NaN,NaN,NaN,NaN,NaN,NaN,NaN,NaN,NaN,NaN,NaN,NaN,NaN,NaN,NaN,NaN,NaN,NaN,NaN,NaN,NaN,NaN,NaN,NaN,NaN,NaN,NaN,NaN,NaN,NaN,NaN,NaN,NaN,NaN,NaN,NaN,NaN
1957-01-01T00:00:00Z,NaN,NaN,NaN,NaN,NaN,NaN,NaN,NaN,NaN,NaN,NaN,NaN,NaN,NaN,NaN,NaN,NaN,NaN,-1.3463273,NaN,NaN,NaN,NaN,NaN,NaN,NaN,NaN,NaN,NaN,NaN,NaN,NaN,NaN,NaN,NaN,NaN,NaN,NaN,NaN,NaN,NaN,NaN,NaN,NaN,NaN,NaN,NaN,NaN,NaN,NaN,NaN,NaN,NaN,NaN,NaN,NaN,NaN,NaN,NaN,NaN,NaN,NaN,NaN,NaN,NaN,NaN,NaN,NaN,NaN,NaN,NaN,NaN,NaN,NaN,NaN,NaN,NaN,NaN,NaN,NaN,NaN,NaN,NaN,NaN,NaN,NaN,NaN,NaN,NaN,NaN,NaN,NaN,NaN,NaN
1958-01-01T00:00:00Z,NaN,NaN,NaN,NaN,NaN,NaN,NaN,NaN,NaN,NaN,NaN,NaN,NaN,NaN,NaN,NaN,NaN,NaN,-1.3218495,NaN,NaN,NaN,NaN,NaN,NaN,NaN,NaN,NaN,NaN,NaN,NaN,NaN,NaN,NaN,NaN,NaN,NaN,NaN,NaN,NaN,NaN,NaN,NaN,NaN,NaN,NaN,NaN,NaN,NaN,NaN,NaN,NaN,NaN,NaN,NaN,NaN,NaN,NaN,NaN,NaN,NaN,NaN,NaN,NaN,NaN,NaN,NaN,NaN,NaN,NaN,NaN,NaN,NaN,NaN,NaN,NaN,NaN,NaN,NaN,NaN,NaN,NaN,NaN,NaN,NaN,NaN,NaN,NaN,NaN,NaN,NaN,NaN,NaN,NaN
1959-01-01T00:00:00Z,NaN,NaN,NaN,NaN,NaN,NaN,NaN,NaN,NaN,NaN,NaN,NaN,NaN,NaN,NaN,NaN,NaN,NaN,-1.1828823,NaN,NaN,NaN,NaN,NaN,NaN,NaN,NaN,NaN,NaN,NaN,NaN,NaN,NaN,NaN,NaN,NaN,NaN,NaN,NaN,NaN,NaN,NaN,NaN,NaN,NaN,NaN,NaN,NaN,NaN,NaN,NaN,NaN,NaN,NaN,NaN,NaN,NaN,NaN,NaN,NaN,NaN,NaN,NaN,NaN,NaN,NaN,NaN,NaN,NaN,NaN,NaN,NaN,NaN,NaN,NaN,NaN,NaN,NaN,NaN,NaN,NaN,NaN,NaN,NaN,NaN,NaN,NaN,NaN,NaN,NaN,NaN,NaN,NaN,NaN
1960-01-01T00:00:00Z,NaN,NaN,NaN,NaN,NaN,NaN,NaN,NaN,NaN,NaN,NaN,NaN,NaN,NaN,NaN,NaN,NaN,NaN,-1.165683,NaN,NaN,NaN,NaN,NaN,NaN,NaN,NaN,NaN,NaN,NaN,NaN,NaN,NaN,NaN,NaN,NaN,NaN,NaN,NaN,NaN,NaN,NaN,NaN,NaN,NaN,NaN,NaN,NaN,NaN,NaN,NaN,NaN,NaN,NaN,NaN,NaN,NaN,NaN,NaN,NaN,NaN,NaN,NaN,NaN,NaN,NaN,NaN,NaN,NaN,NaN,NaN,NaN,NaN,NaN,NaN,NaN,NaN,NaN,NaN,NaN,NaN,NaN,NaN,NaN,NaN,NaN,NaN,NaN,NaN,NaN,NaN,NaN,NaN,NaN
1961-01-01T00:00:00Z,NaN,NaN,NaN,NaN,NaN,NaN,NaN,NaN,NaN,NaN,NaN,NaN,NaN,NaN,NaN,NaN,NaN,NaN,-1.11889,NaN,NaN,NaN,NaN,NaN,NaN,NaN,NaN,NaN,NaN,NaN,NaN,NaN,NaN,NaN,NaN,NaN,NaN,NaN,NaN,NaN,NaN,NaN,NaN,NaN,NaN,NaN,NaN,NaN,NaN,NaN,NaN,NaN,NaN,NaN,NaN,NaN,NaN,NaN,NaN,NaN,NaN,NaN,NaN,NaN,NaN,NaN,NaN,NaN,NaN,NaN,NaN,NaN,NaN,NaN,NaN,NaN,NaN,NaN,NaN,NaN,NaN,NaN,NaN,NaN,NaN,NaN,NaN,NaN,NaN,NaN,NaN,NaN,NaN,NaN
1962-01-01T00:00:00Z,4.7204,25.310434,NaN,NaN,NaN,NaN,NaN,NaN,NaN,NaN,NaN,NaN,NaN,NaN,NaN,NaN,NaN,NaN,-1.0136812,NaN,NaN,NaN,NaN,NaN,NaN,NaN,NaN,NaN,NaN,NaN,NaN,NaN,NaN,NaN,NaN,NaN,NaN,NaN,NaN,NaN,NaN,NaN,NaN,NaN,NaN,NaN,NaN,NaN,NaN,NaN,NaN,NaN,NaN,NaN,NaN,NaN,NaN,NaN,NaN,NaN,NaN,NaN,NaN,NaN,NaN,NaN,NaN,NaN,NaN,NaN,NaN,NaN,NaN,NaN,NaN,NaN,NaN,NaN,NaN,NaN,NaN,NaN,NaN,NaN,NaN,NaN,NaN,NaN,NaN,NaN,NaN,NaN,NaN,NaN
1963-01-01T00:00:00Z,5.1835084,27.396957,NaN,NaN,NaN,NaN,NaN,NaN,NaN,NaN,NaN,NaN,NaN,NaN,NaN,NaN,NaN,NaN,-0.8539213,NaN,NaN,NaN,NaN,NaN,NaN,NaN,NaN,NaN,NaN,NaN,NaN,NaN,NaN,NaN,NaN,NaN,NaN,NaN,NaN,NaN,NaN,NaN,NaN,NaN,NaN,NaN,NaN,NaN,NaN,NaN,NaN,NaN,NaN,NaN,NaN,NaN,NaN,NaN,NaN,NaN,NaN,NaN,NaN,NaN,NaN,NaN,NaN,NaN,NaN,NaN,NaN,NaN,NaN,NaN,NaN,NaN,NaN,NaN,NaN,NaN,NaN,NaN,NaN,NaN,NaN,NaN,NaN,NaN,NaN,NaN,NaN,NaN,NaN,NaN
1964-01-01T00:00:00Z,5.457682,28.440218,NaN,NaN,NaN,NaN,NaN,NaN,NaN,NaN,NaN,NaN,NaN,NaN,NaN,NaN,NaN,NaN,-0.6851688,NaN,NaN,NaN,NaN,NaN,NaN,NaN,NaN,NaN,NaN,NaN,NaN,NaN,NaN,NaN,NaN,NaN,NaN,NaN,NaN,NaN,NaN,NaN,NaN,NaN,NaN,NaN,NaN,NaN,NaN,NaN,NaN,NaN,NaN,NaN,NaN,NaN,NaN,NaN,NaN,NaN,NaN,NaN,NaN,NaN,NaN,NaN,NaN,NaN,NaN,NaN,NaN,NaN,NaN,NaN,NaN,NaN,NaN,NaN,NaN,NaN,NaN,NaN,NaN,NaN,NaN,NaN,NaN,NaN,NaN,NaN,NaN,NaN,NaN,NaN
1965-01-01T00:00:00Z,4.7768083,24.584686,NaN,NaN,NaN,NaN,NaN,NaN,NaN,NaN,NaN,NaN,NaN,NaN,NaN,NaN,NaN,NaN,-0.6029306,NaN,NaN,NaN,NaN,NaN,NaN,NaN,NaN,NaN,NaN,NaN,NaN,NaN,NaN,NaN,NaN,NaN,NaN,NaN,NaN,NaN,NaN,NaN,NaN,NaN,NaN,NaN,NaN,NaN,NaN,NaN,NaN,NaN,NaN,NaN,NaN,NaN,NaN,NaN,NaN,NaN,NaN,NaN,NaN,NaN,NaN,NaN,NaN,NaN,NaN,NaN,NaN,NaN,NaN,NaN,NaN,NaN,NaN,NaN,NaN,NaN,NaN,NaN,NaN,NaN,NaN,NaN,NaN,NaN,NaN,NaN,NaN,NaN,NaN,NaN
1966-01-01T00:00:00Z,5.6537747,28.757732,NaN,NaN,NaN,NaN,NaN,NaN,NaN,NaN,NaN,NaN,NaN,NaN,NaN,NaN,NaN,NaN,-0.38635367,NaN,NaN,NaN,NaN,NaN,NaN,NaN,NaN,NaN,NaN,NaN,NaN,NaN,NaN,NaN,NaN,NaN,NaN,NaN,NaN,NaN,NaN,NaN,NaN,NaN,NaN,NaN,NaN,NaN,NaN,NaN,NaN,NaN,NaN,NaN,NaN,NaN,NaN,NaN,NaN,NaN,NaN,NaN,NaN,NaN,NaN,NaN,NaN,NaN,NaN,NaN,NaN,NaN,NaN,NaN,NaN,NaN,NaN,NaN,NaN,NaN,NaN,NaN,NaN,NaN,NaN,NaN,NaN,NaN,NaN,NaN,NaN,NaN,NaN,NaN
1967-01-01T00:00:00Z,6.345068,31.932877,NaN,NaN,NaN,NaN,NaN,NaN,NaN,NaN,NaN,NaN,NaN,NaN,NaN,NaN,NaN,NaN,-0.13431978,NaN,NaN,NaN,NaN,NaN,NaN,NaN,NaN,NaN,NaN,NaN,NaN,NaN,NaN,NaN,NaN,NaN,NaN,NaN,NaN,NaN,NaN,NaN,NaN,NaN,NaN,NaN,NaN,NaN,NaN,NaN,NaN,NaN,NaN,NaN,NaN,NaN,NaN,NaN,NaN,NaN,NaN,NaN,NaN,NaN,NaN,NaN,NaN,NaN,NaN,NaN,NaN,NaN,NaN,NaN,NaN,NaN,NaN,NaN,NaN,NaN,NaN,NaN,NaN,NaN,NaN,NaN,NaN,NaN,NaN,NaN,NaN,NaN,NaN,NaN
1968-01-01T00:00:00Z,7.8837166,39.281067,NaN,NaN,NaN,NaN,NaN,NaN,NaN,NaN,NaN,NaN,NaN,NaN,NaN,NaN,NaN,NaN,0.010863921,NaN,NaN,NaN,NaN,NaN,NaN,NaN,NaN,NaN,NaN,NaN,NaN,NaN,NaN,NaN,NaN,NaN,NaN,NaN,NaN,NaN,NaN,NaN,NaN,NaN,NaN,NaN,NaN,NaN,NaN,NaN,NaN,NaN,NaN,NaN,NaN,NaN,NaN,NaN,NaN,NaN,NaN,NaN,NaN,NaN,NaN,NaN,NaN,NaN,NaN,NaN,NaN,NaN,NaN,NaN,NaN,NaN,NaN,NaN,NaN,NaN,NaN,NaN,NaN,NaN,NaN,NaN,NaN,NaN,NaN,NaN,NaN,NaN,NaN,NaN
1969-01-01T00:00:00Z,5.3694816,26.489773,NaN,NaN,NaN,NaN,NaN,NaN,NaN,NaN,NaN,NaN,NaN,NaN,NaN,NaN,NaN,NaN,0.107198976,NaN,NaN,NaN,NaN,NaN,NaN,NaN,NaN,NaN,NaN,NaN,NaN,NaN,NaN,NaN,NaN,NaN,NaN,NaN,NaN,NaN,NaN,NaN,NaN,NaN,NaN,NaN,NaN,NaN,NaN,NaN,NaN,NaN,NaN,NaN,NaN,NaN,NaN,NaN,NaN,NaN,NaN,NaN,NaN,NaN,NaN,NaN,NaN,NaN,NaN,NaN,NaN,NaN,NaN,NaN,NaN,NaN,NaN,NaN,NaN,NaN,NaN,NaN,NaN,NaN,NaN,NaN,NaN,NaN,NaN,NaN,NaN,NaN,NaN,NaN
1970-01-01T00:00:00Z,5.200477,25.355793,NaN,NaN,NaN,NaN,NaN,NaN,NaN,NaN,NaN,NaN,NaN,NaN,NaN,NaN,NaN,NaN,0.11690907,NaN,NaN,NaN,NaN,NaN,NaN,NaN,NaN,NaN,NaN,NaN,NaN,NaN,NaN,NaN,NaN,NaN,NaN,NaN,NaN,NaN,NaN,NaN,NaN,NaN,NaN,NaN,NaN,NaN,NaN,NaN,NaN,NaN,NaN,NaN,NaN,NaN,NaN,NaN,NaN,NaN,NaN,NaN,NaN,NaN,NaN,NaN,NaN,NaN,NaN,NaN,NaN,NaN,NaN,NaN,NaN,NaN,NaN,NaN,NaN,NaN,NaN,NaN,NaN,NaN,NaN,NaN,NaN,NaN,NaN,NaN,NaN,NaN,NaN,NaN
1971-01-01T00:00:00Z,5.3511925,25.764025,NaN,NaN,NaN,NaN,NaN,NaN,NaN,NaN,NaN,NaN,NaN,NaN,NaN,NaN,NaN,NaN,0.28612196,NaN,NaN,NaN,NaN,NaN,NaN,NaN,NaN,NaN,NaN,NaN,NaN,NaN,NaN,NaN,NaN,NaN,NaN,NaN,NaN,NaN,NaN,NaN,NaN,NaN,NaN,NaN,NaN,NaN,NaN,NaN,NaN,NaN,NaN,NaN,NaN,NaN,NaN,NaN,NaN,NaN,NaN,NaN,NaN,NaN,NaN,NaN,NaN,NaN,NaN,NaN,NaN,NaN,NaN,NaN,NaN,NaN,NaN,NaN,NaN,NaN,NaN,NaN,NaN,NaN,NaN,NaN,NaN,NaN,NaN,NaN,NaN,NaN,NaN,NaN
1972-01-01T00:00:00Z,6.2837963,29.937073,NaN,NaN,NaN,NaN,NaN,NaN,NaN,NaN,NaN,NaN,NaN,NaN,NaN,NaN,NaN,NaN,0.2945472,NaN,NaN,NaN,NaN,NaN,NaN,NaN,NaN,NaN,NaN,NaN,NaN,NaN,NaN,NaN,NaN,NaN,NaN,NaN,NaN,NaN,NaN,NaN,NaN,NaN,NaN,NaN,NaN,NaN,NaN,NaN,NaN,NaN,NaN,NaN,NaN,NaN,NaN,NaN,NaN,NaN,NaN,NaN,NaN,NaN,NaN,NaN,NaN,NaN,NaN,NaN,NaN,NaN,NaN,NaN,NaN,NaN,NaN,NaN,NaN,NaN,NaN,NaN,NaN,NaN,NaN,NaN,NaN,NaN,NaN,NaN,NaN,NaN,NaN,NaN
1973-01-01T00:00:00Z,4.709695,22.226007,NaN,NaN,NaN,NaN,NaN,NaN,NaN,NaN,NaN,NaN,NaN,NaN,NaN,NaN,NaN,NaN,0.41063538,NaN,NaN,NaN,NaN,NaN,NaN,NaN,NaN,NaN,NaN,NaN,NaN,NaN,NaN,NaN,NaN,NaN,NaN,NaN,NaN,NaN,NaN,NaN,NaN,NaN,NaN,NaN,NaN,NaN,NaN,NaN,NaN,NaN,NaN,NaN,NaN,NaN,NaN,NaN,NaN,NaN,NaN,NaN,NaN,NaN,NaN,NaN,NaN,NaN,NaN,NaN,NaN,NaN,NaN,NaN,NaN,NaN,NaN,NaN,NaN,NaN,NaN,NaN,NaN,NaN,NaN,NaN,NaN,NaN,NaN,NaN,NaN,NaN,NaN,NaN
1974-01-01T00:00:00Z,4.4824815,20.95595,NaN,NaN,NaN,NaN,NaN,NaN,NaN,NaN,NaN,NaN,NaN,NaN,NaN,NaN,NaN,NaN,0.5114693,NaN,NaN,NaN,NaN,NaN,NaN,NaN,NaN,NaN,NaN,NaN,NaN,NaN,NaN,NaN,NaN,NaN,NaN,0.25592786,NaN,NaN,NaN,NaN,NaN,NaN,NaN,NaN,NaN,NaN,NaN,NaN,NaN,NaN,NaN,NaN,NaN,NaN,NaN,NaN,NaN,NaN,NaN,NaN,NaN,NaN,NaN,NaN,NaN,NaN,NaN,NaN,NaN,NaN,NaN,NaN,NaN,NaN,NaN,NaN,NaN,NaN,NaN,NaN,NaN,NaN,NaN,NaN,NaN,NaN,NaN,NaN,NaN,NaN,NaN,NaN
1975-01-01T00:00:00Z,4.6146674,21.364183,NaN,NaN,NaN,NaN,NaN,NaN,NaN,NaN,NaN,NaN,NaN,NaN,NaN,NaN,NaN,NaN,0.22293173,NaN,NaN,NaN,NaN,NaN,NaN,NaN,NaN,NaN,NaN,NaN,NaN,NaN,NaN,NaN,NaN,NaN,NaN,0.039248776,NaN,NaN,NaN,NaN,NaN,NaN,NaN,NaN,NaN,NaN,NaN,NaN,NaN,NaN,NaN,NaN,NaN,NaN,NaN,NaN,NaN,NaN,NaN,NaN,NaN,NaN,NaN,NaN,NaN,NaN,NaN,NaN,NaN,NaN,NaN,NaN,NaN,NaN,NaN,NaN,NaN,NaN,NaN,NaN,NaN,NaN,NaN,NaN,NaN,NaN,NaN,NaN,NaN,NaN,NaN,NaN
1976-01-01T00:00:00Z,5.260583,24.131094,NaN,NaN,NaN,NaN,NaN,NaN,NaN,NaN,NaN,NaN,NaN,NaN,NaN,NaN,NaN,NaN,0.69870234,NaN,NaN,NaN,NaN,NaN,NaN,NaN,NaN,NaN,NaN,NaN,NaN,NaN,NaN,NaN,NaN,NaN,NaN,-0.18367848,NaN,NaN,NaN,NaN,NaN,NaN,NaN,NaN,NaN,NaN,NaN,NaN,NaN,NaN,NaN,NaN,NaN,NaN,NaN,NaN,NaN,NaN,NaN,NaN,NaN,NaN,NaN,NaN,NaN,NaN,NaN,NaN,NaN,NaN,NaN,NaN,NaN,NaN,NaN,NaN,NaN,NaN,NaN,NaN,NaN,NaN,NaN,NaN,NaN,NaN,NaN,NaN,NaN,NaN,NaN,NaN
1977-01-01T00:00:00Z,4.824254,21.908493,NaN,NaN,NaN,NaN,NaN,NaN,NaN,NaN,NaN,NaN,NaN,NaN,NaN,NaN,NaN,NaN,0.88316226,NaN,NaN,NaN,NaN,NaN,NaN,NaN,NaN,NaN,NaN,NaN,NaN,NaN,NaN,NaN,NaN,NaN,NaN,-0.67504823,NaN,NaN,NaN,NaN,NaN,NaN,NaN,NaN,NaN,NaN,NaN,NaN,NaN,NaN,NaN,NaN,NaN,NaN,NaN,NaN,NaN,NaN,NaN,NaN,NaN,NaN,NaN,NaN,NaN,NaN,NaN,NaN,NaN,NaN,NaN,NaN,NaN,NaN,NaN,NaN,NaN,NaN,NaN,NaN,NaN,NaN,NaN,NaN,NaN,NaN,NaN,NaN,NaN,NaN,NaN,NaN
1978-01-01T00:00:00Z,5.2201314,23.450706,NaN,NaN,NaN,NaN,NaN,NaN,NaN,NaN,NaN,NaN,NaN,NaN,NaN,NaN,NaN,NaN,0.5956715,NaN,NaN,NaN,NaN,NaN,NaN,NaN,NaN,NaN,NaN,NaN,NaN,NaN,NaN,NaN,NaN,NaN,NaN,-0.7263285,NaN,NaN,NaN,NaN,NaN,NaN,NaN,NaN,NaN,NaN,NaN,NaN,NaN,NaN,NaN,NaN,NaN,NaN,NaN,NaN,NaN,NaN,NaN,NaN,NaN,NaN,NaN,NaN,NaN,NaN,NaN,NaN,NaN,NaN,NaN,NaN,NaN,NaN,NaN,NaN,NaN,NaN,NaN,NaN,NaN,NaN,NaN,NaN,NaN,NaN,NaN,NaN,NaN,NaN,NaN,NaN
1979-01-01T00:00:00Z,5.3706517,23.85894,NaN,NaN,NaN,NaN,NaN,NaN,NaN,NaN,NaN,NaN,NaN,NaN,NaN,NaN,NaN,NaN,0.8815517,NaN,NaN,NaN,NaN,NaN,NaN,NaN,NaN,NaN,NaN,NaN,NaN,NaN,NaN,NaN,NaN,NaN,NaN,-0.7838065,NaN,NaN,NaN,NaN,NaN,NaN,NaN,NaN,NaN,NaN,NaN,NaN,NaN,NaN,NaN,NaN,NaN,NaN,NaN,NaN,NaN,NaN,NaN,NaN,NaN,NaN,NaN,NaN,NaN,NaN,NaN,NaN,NaN,NaN,NaN,NaN,NaN,NaN,NaN,NaN,NaN,NaN,NaN,NaN,NaN,NaN,NaN,NaN,NaN,NaN,NaN,NaN,NaN,NaN,NaN,NaN
1980-01-01T00:00:00Z,5.153821,22.634241,NaN,NaN,NaN,NaN,NaN,NaN,NaN,NaN,NaN,NaN,NaN,NaN,NaN,NaN,NaN,NaN,0.8646904,NaN,NaN,NaN,NaN,NaN,NaN,NaN,NaN,NaN,NaN,NaN,NaN,NaN,NaN,NaN,NaN,NaN,NaN,-0.88362163,NaN,NaN,NaN,NaN,NaN,NaN,NaN,NaN,NaN,NaN,NaN,NaN,NaN,NaN,NaN,NaN,NaN,NaN,NaN,NaN,NaN,NaN,NaN,NaN,NaN,NaN,NaN,NaN,NaN,NaN,NaN,NaN,NaN,NaN,NaN,NaN,NaN,NaN,NaN,NaN,NaN,NaN,NaN,NaN,NaN,NaN,NaN,NaN,NaN,NaN,NaN,NaN,NaN,NaN,NaN,NaN
1981-01-01T00:00:00Z,5.1537166,22.407444,116.21788,117.5161,0.13332944,1.1648855,64.93665,66.971405,0.1698527,1.8648946,1.777526,4.7846856,1.7206523,1.2865072,11.149676,29.940908,11.448459,7.342773,0.9328318,NaN,42.560184,108.90887,37.522514,28.826172,62.991077,138.57753,43.064846,32.521606,NaN,22.504457,26.884092,3.5058584,0.8737754,105.09818,129.8716,19.825901,4.9475055,-0.453209,14.436744,16.272621,0.4558114,1.3800653,30.091618,34.657005,1.9638213,2.6015668,15.3025465,110.36872,17.740408,6.9607654,0.33822754,1.0159236,0.07473407,0.602962,NaN,NaN,NaN,NaN,3.1598725,27.81394,3.1956115,21.458456,95.0,646.0,229.0,323.0,45.007183,212.83568,32.87747,134.95103,NaN,NaN,2.8472369,19.231451,11.783916,4.600299,15.39735,69.73147,38.917248,15.416867,23.509565,23.509666,1.02058E-4,15.056744,15.056876,1.33433E-4,243.54547,470.10062,83.75518,72.434975,361.73218,745.8688,162.50978,221.62683
1982-01-01T00:00:00Z,5.4452586,23.450706,110.54331,111.801315,0.13288565,1.1251119,66.92373,69.18495,0.11738083,2.1438413,5.3946633,11.112274,3.9709895,1.7466218,31.771011,66.13579,24.1704,10.194378,0.61102706,NaN,52.650967,124.748,41.12125,30.975784,76.30337,167.24364,55.11512,35.825153,NaN,16.117598,17.247005,0.8637247,0.26568267,62.14621,66.60414,3.4621036,0.9958264,-0.03957695,11.87037,13.879785,0.4687869,1.5406277,24.80771,28.950567,2.0593998,2.0834575,5.332875,69.49753,14.811504,49.353153,0.4958896,1.4152155,1.84902E-4,0.919141,NaN,NaN,NaN,NaN,4.1840234,30.699154,3.9171262,22.598005,165.0,693.0,214.0,313.0,54.886497,232.55402,33.98144,143.68608,NaN,NaN,2.76034,13.480703,8.405401,2.3149621,15.760716,49.059654,25.621664,7.6772733,16.308044,16.359364,0.051318534,9.781177,9.806136,0.02496032,226.27373,416.89807,74.498146,116.12622,353.93332,721.13403,146.05115,221.14958
1983-01-01T00:00:00Z,5.600782,23.904299,67.3079,68.29199,0.102128506,0.88196087,63.71637,65.53864,0.22778687,1.5944817,3.0772932,7.457051,1.9797325,2.4000254,19.640852,52.44358,15.208328,17.594402,0.14462493,NaN,39.88558,102.98842,35.242783,27.860056,59.29788,141.59416,48.408234,33.888054,NaN,52.93386,54.958153,1.541935,0.48235738,149.07567,155.59167,4.969246,1.5467488,0.12631203,10.669786,13.238815,0.6029778,1.9660509,24.374176,29.62797,2.8312545,2.4225388,4.4791694,72.81298,23.626654,44.707157,0.42732158,1.8878208,0.06273167,1.3977677,NaN,NaN,NaN,NaN,1.2606789,14.506526,1.2126043,12.033243,91.0,520.0,172.0,258.0,12.457417,71.50252,8.032096,51.013004,NaN,NaN,1.3175266,6.922551,3.0014107,2.6036139,10.416232,34.42843,12.499361,11.512835,1.8236015,1.9585043,0.13490291,1.9994498,2.2102265,0.2107766,183.20265,350.56604,68.72131,98.64205,346.22916,578.6155,94.752014,137.63432
1984-01-01T00:00:00Z,5.691464,24.085735,62.74488,63.4282,0.28154084,0.40177992,32.27016,33.26631,0.11463004,0.8815208,3.3789365,8.362162,2.2444232,2.738802,26.906828,70.30094,19.35901,24.035099,0.66265184,NaN,38.36963,92.184166,28.246542,25.567999,57.17156,125.82191,38.009186,30.641165,NaN,43.122345,43.92567,0.73674285,0.06658192,137.59215,140.10751,2.2854185,0.22994526,0.7729274,9.965723,11.777535,0.80707824,1.004735,23.974567,30.29114,3.6796944,2.636878,4.9400535,95.76613,56.28018,34.545895,0.8625486,1.7404385,0.14854008,0.7293498,NaN,NaN,NaN,NaN,1.5568476,15.814155,1.6324186,12.624888,107.0,294.0,140.0,47.0,20.342827,113.96165,12.963517,80.655304,NaN,NaN,1.8192157,5.660932,2.249487,1.5922294,15.394594,25.619019,5.739861,4.484563,0.5640231,0.9934503,0.42942724,0.7664008,1.2726501,0.5062493,166.88965,346.97025,94.4917,85.588905,320.9361,574.1629,85.664566,167.56224
1985-01-01T00:00:00Z,6.869543,28.803091,57.027885,57.592735,0.13121225,0.43363747,36.55801,38.143955,0.6041244,0.9818191,3.1206932,7.4266696,2.2715824,2.034394,23.178032,58.69183,19.049948,16.46385,0.5849161,NaN,39.967464,90.55098,28.40117,22.182344,63.56325,138.32231,41.381546,33.37751,NaN,13.287443,14.156099,0.69544524,0.17321178,61.66901,64.17201,2.0160155,0.4869839,1.3890203,13.0260935,15.572804,0.9800072,1.5667034,30.039082,36.601,3.3819628,3.1799595,5.7288547,84.56114,54.360535,24.471754,0.9661433,2.033759,0.42360115,0.64401454,NaN,NaN,NaN,NaN,2.4226718,35.34462,2.985408,29.93654,187.0,620.0,238.0,194.0,28.731907,174.81956,22.157314,123.930336,NaN,NaN,2.682319,13.653236,6.7902975,4.1806197,11.229679,32.941765,13.297918,8.414169,10.276102,11.070693,0.7945909,9.693444,10.472751,0.7793065,148.01283,337.43457,97.87142,91.550316,271.73944,586.1377,104.41137,209.98692
1986-01-01T00:00:00Z,6.5180273,27.079443,62.64654,64.07723,0.8569282,0.57376075,34.307426,35.70522,0.21493615,1.1828562,3.5689418,9.216391,3.2225533,2.4248958,23.54255,63.982544,23.51715,16.922842,0.33543608,0.011499918,38.793175,82.9183,24.701172,19.423954,67.112656,134.64575,39.40247,28.130634,NaN,10.494738,12.962689,1.540612,0.9273401,52.334034,59.62011,4.561,2.7250748,1.0162588,18.927263,23.539627,1.1546264,3.4577384,40.10609,51.892487,6.590405,5.195993,11.611355,151.12535,91.27234,48.241665,0.9068544,1.3334669,0.14144571,0.28516668,NaN,NaN,NaN,NaN,3.9760926,33.117786,6.2880225,22.853672,160.0,590.0,234.0,196.0,35.591713,200.42448,35.750027,129.08275,6.746195,NaN,3.5599504,26.957117,15.427664,7.9695034,13.846534,79.57311,43.197968,22.528608,21.277393,21.289354,0.011961684,10.629326,10.635641,0.006314875,175.22263,427.4134,144.5798,107.61096,282.94305,645.53094,153.69577,208.89212
1987-01-01T00:00:00Z,7.1365685,29.392761,70.160774,71.69704,0.8844431,0.65182,38.362568,40.278793,0.5495578,1.3666654,4.803724,9.158662,2.1489415,2.205997,32.39083,63.9933,15.74372,15.85875,0.09787487,0.19792622,36.914173,91.432236,30.886631,23.63143,70.103516,168.65993,56.100784,42.455627,NaN,11.1345625,12.8622875,1.1330737,0.594651,62.740204,69.44339,4.2572193,2.4459658,0.73936284,24.064386,28.109522,0.69139904,3.3537357,47.39215,57.069614,3.2220366,6.455428,4.5177617,155.2438,99.78467,50.94137,1.4164022,1.617666,0.07942622,0.121837504,NaN,NaN,NaN,NaN,4.8519998,37.982967,6.8651867,26.265781,240.0,644.0,240.0,164.0,59.476517,310.3443,62.620632,188.24713,6.5962377,NaN,3.8931978,31.567863,20.26842,7.4062457,15.859116,113.33582,70.92217,26.554537,19.984056,19.98407,1.32E-5,9.17501,9.175018,8.47E-6,180.71939,461.0869,162.72536,117.642166,342.73645,844.0349,213.80852,287.48996
1988-01-01T00:00:00Z,6.634469,27.079443,70.89682,72.10193,0.28207716,0.9230356,37.364975,40.232136,0.52258325,2.3445766,4.797262,16.971943,3.9507804,8.223901,29.001228,99.47635,23.817701,46.65742,0.27749425,0.9245584,33.359142,89.44894,32.289368,23.800426,61.24598,153.40546,53.274906,38.884567,NaN,11.207947,14.995848,1.881027,1.9068747,54.72153,70.30407,7.7222686,7.86027,0.47788143,26.672953,35.30779,1.4124873,7.2223496,61.669376,77.58373,3.633579,12.280782,33.191586,157.84488,70.52439,54.128906,2.3704097,2.5856104,0.0916994,0.12350129,NaN,NaN,NaN,NaN,7.70475,35.082554,8.078773,19.299034,206.0,579.0,265.0,108.0,93.52464,345.7938,86.96242,165.30673,6.4984164,NaN,5.362675,32.918594,19.031507,8.524412,13.563604,70.35472,38.950497,17.840618,37.315388,37.31539,2.27E-6,16.854206,16.854208,2.23E-6,230.78072,494.8418,137.52234,126.53875,374.8401,884.9662,215.3039,294.8222
1989-01-01T00:00:00Z,7.022054,28.39486,72.125946,73.143906,0.26658925,0.7513748,31.43936,33.614544,0.57213426,1.6030486,5.084303,21.039698,5.091557,10.863837,29.252092,110.706856,27.502752,53.95201,0.2994788,1.5143269,35.71226,95.23348,37.044937,22.476284,61.313145,146.98839,53.708652,31.966585,NaN,7.0089154,7.6941237,0.48973778,0.19547065,35.4613,37.98268,1.8885157,0.632867,0.43608713,26.98719,37.44385,4.23364,6.22302,66.13288,87.49876,7.63571,13.730163,99.23387,208.38121,87.82187,21.32548,2.2111778,2.273135,0.03126566,0.030691585,NaN,NaN,NaN,NaN,3.0503047,33.259384,5.32879,24.880291,236.0,774.0,305.0,233.0,29.276028,179.9248,30.308264,120.340515,6.378616,NaN,6.821017,36.4637,22.333992,7.308691,13.525407,65.272804,38.77968,12.967714,40.93157,40.975124,0.043556206,15.990753,16.007122,0.01636906,297.29926,556.2291,162.7263,96.203545,291.321,693.7063,160.77565,241.60962
1990-01-01T00:00:00Z,7.4132686,29.664917,59.847538,61.042988,0.34301192,0.85243845,34.791904,36.98994,0.5364376,1.6615951,3.1072502,11.325312,4.22466,3.9934013,17.416904,70.36126,25.71022,27.234135,0.42466897,1.1974702,33.833553,87.70658,33.797733,20.07529,57.072327,129.06836,46.680405,25.31562,NaN,8.402131,9.85418,0.9434826,0.50856686,32.13457,37.55338,3.572327,1.8464817,0.23702313,25.195065,34.398323,4.7020197,4.501239,71.26761,91.09177,10.405653,9.418507,53.999714,181.64572,94.33209,33.313915,1.5655833,2.96442,0.44477636,0.9540605,NaN,NaN,NaN,NaN,2.3266153,23.121729,2.4623857,18.332727,191.0,673.0,227.0,255.0,24.42959,151.1458,19.383255,107.332954,5.6986904,NaN,4.9379964,25.699831,14.518339,6.2434955,13.057907,59.429092,32.2918,14.079385,28.44679,28.44679,0.0,9.577497,9.577497,0.0,220.34436,465.76318,155.38397,90.03486,266.4745,600.5629,139.26753,194.8209
1991-01-01T00:00:00Z,7.427557,29.392761,52.955654,54.352356,0.39105755,1.0056444,32.06915,34.27827,0.33174393,1.877377,6.2806706,13.819478,3.7844558,3.7543514,39.664196,90.4832,25.255663,25.563343,0.20684569,2.0666006,29.93368,85.69497,36.46494,19.29635,50.460377,133.82484,54.38243,28.982029,NaN,10.098804,10.976014,0.5711056,0.30610406,29.814482,32.613323,1.8774743,0.92136633,0.33590126,22.611662,31.464514,2.4766977,6.376153,82.849754,107.55157,8.082729,16.619085,135.17839,229.96098,58.77848,36.004112,1.6888777,7.4511046,2.6261837,3.1360023,NaN,NaN,NaN,NaN,1.9439228,25.115458,2.4269834,20.74455,150.0,644.0,274.0,220.0,17.347893,91.12244,11.168434,62.606113,5.5376654,NaN,5.699125,20.311941,9.918616,4.694199,15.984209,51.241215,23.641739,11.615266,37.388237,37.38828,4.31E-5,11.63801,11.638064,5.46E-5,302.27695,511.3372,114.879616,94.18063,285.06732,571.39594,127.64022,158.68837
1992-01-01T00:00:00Z,7.3012495,28.576296,46.463108,50.17142,1.3734558,2.3348567,30.051678,31.946447,0.26835126,1.6264169,5.2343426,13.057343,3.4786162,4.344384,27.001839,67.43607,17.96905,22.465189,0.25494522,4.2382917,29.907112,80.5566,33.232224,17.417265,52.306725,124.01514,48.512863,23.195553,NaN,9.989852,13.586291,1.7676717,1.8287674,31.812174,47.213894,7.4157567,7.985961,0.6828589,17.295092,25.170752,2.1022856,5.773375,70.889206,94.105934,5.762256,17.454475,5.6258693,210.76308,115.70929,89.427925,1.1159523,11.077713,9.486483,0.47524613,NaN,NaN,NaN,NaN,0.85777986,13.5055485,1.0755663,11.572203,85.0,425.0,198.0,142.0,8.38383,57.341614,6.8864303,42.071354,5.8731227,NaN,9.112365,36.674995,21.856256,5.706373,15.461029,56.286392,32.47428,8.35108,13.112357,13.11841,0.006052737,4.566388,4.569389,0.003000832,137.83694,458.1107,180.64185,139.6319,246.80489,508.84323,128.87564,133.16266
1993-01-01T00:00:00Z,9.228863,35.74305,35.60063,37.011078,0.7179198,0.69252527,11.618735,12.735817,0.084017895,1.033064,5.2506676,17.383308,4.957682,7.174959,22.923275,74.679565,20.73984,31.016447,0.3718531,4.253665,24.986078,76.57629,35.598793,15.991417,42.289715,111.79459,48.31381,21.19107,NaN,12.660851,16.91443,2.1571312,2.0964491,39.13504,53.345253,7.02475,7.185463,0.7643122,14.743089,19.730164,1.5752175,3.4118578,62.925453,83.728226,4.7623115,16.040457,3.100121,140.0975,95.900925,41.096466,0.6211701,5.2765317,4.141398,0.51395214,NaN,NaN,NaN,NaN,1.3256778,18.908506,0.85163546,16.731194,140.0,343.0,65.0,139.0,10.349177,61.185898,4.387001,46.449722,6.5319953,NaN,4.179696,23.752848,12.285051,7.2881,9.743163,36.739002,16.561445,10.434392,42.804226,42.863483,0.05926003,18.56947,18.625982,0.05651392,144.87411,395.24866,154.30179,96.07277,223.86409,478.95215,106.50497,148.58307
1994-01-01T00:00:00Z,8.762439,33.611168,29.618853,30.790209,0.4700794,0.7012758,12.676226,13.575982,0.03646339,0.8632933,3.4492593,18.587885,4.6981688,10.440456,15.977165,89.01753,22.298677,50.741688,0.54252267,4.8357162,21.1729,64.690414,29.27347,14.244045,42.769756,112.019356,50.013298,19.236301,NaN,9.2575035,16.031185,2.1311402,4.642541,31.796001,53.15516,6.616665,14.742493,1.0393858,13.477854,16.7217,1.1469483,2.0968986,60.44181,74.32576,3.32396,10.55999,3.6501877,253.42876,125.48456,124.29401,0.6245101,8.9042015,7.5837026,0.69596857,NaN,NaN,NaN,NaN,1.6200755,15.729202,0.5871862,13.52194,190.0,196.0,6.0,NaN,11.36075,59.641182,2.5748968,45.705536,6.394627,NaN,5.749521,16.119503,7.503157,2.8668244,17.886936,42.4628,17.472158,7.103706,55.38271,55.4884,0.105688386,25.305677,25.368618,0.062940136,143.52219,489.39737,171.57005,174.30511,223.52966,500.8642,110.3072,167.02731
1995-01-01T00:00:00Z,7.4797835,28.440218,57.19815,58.195614,0.40298897,0.5944753,25.79966,26.895153,0.17411399,0.9213791,6.499864,24.280682,6.9120793,10.868738,37.805824,150.63278,43.01134,69.81562,0.74711293,4.8673377,24.628496,62.657486,25.252514,12.776475,58.23053,136.74365,52.913956,25.59917,NaN,8.807914,14.01091,2.288695,2.9143007,21.826023,37.635654,6.9958167,8.813816,1.640257,12.840881,15.672952,1.0465138,1.7855566,56.027954,67.00076,3.159914,7.8128943,4.0906253,177.05855,128.00006,44.967865,0.783474,13.498493,12.015124,0.69987744,NaN,NaN,NaN,NaN,3.4665015,16.222933,1.3187292,11.437703,398.0,486.0,19.0,69.0,20.086855,45.71389,6.1335926,19.493444,7.1439657,NaN,3.4693117,12.940425,5.54233,3.9287832,14.023998,40.65933,15.052428,11.582902,70.226715,70.33848,0.11176788,38.302277,38.37347,0.071191296,191.35548,452.66953,170.97182,90.34222,277.20386,573.317,139.84328,156.26985
1996-01-01T00:00:00Z,7.4729934,28.168064,54.73983,56.039715,0.46842065,0.8314647,34.833344,35.847004,0.23300357,0.78065574,7.4605374,26.00015,8.029227,10.5103855,35.729557,124.2243,37.53513,50.95961,1.0730047,5.4907174,25.874617,64.20762,25.94003,12.39297,56.55721,129.93665,50.35623,23.023203,NaN,16.936996,25.934755,4.0834594,4.9142985,41.205418,68.80897,12.616607,14.986944,1.5398757,12.160255,14.489373,0.70757645,1.6215415,49.27094,56.70296,1.7449911,5.6870327,2.9008076,213.2521,92.71757,117.633736,0.39997157,8.616104,6.928295,1.2878268,NaN,NaN,NaN,NaN,2.1482253,10.384939,1.290391,6.9463224,165.0,235.0,18.0,52.0,10.011063,30.51514,5.4933844,15.0106945,7.243603,NaN,5.308572,15.56583,7.1690755,3.0881834,18.524689,42.291046,15.8469095,7.9194465,80.544945,80.648964,0.104019165,36.521816,36.58346,0.06164531,208.18526,508.26236,140.54285,159.53427,286.7257,555.9465,130.87918,138.34158
1997-01-01T00:00:00Z,7.773657,28.98453,78.28767,81.241066,2.1398294,0.81356585,38.247986,38.93888,0.13303706,0.55785817,2.480103,12.6757,3.2271264,6.9684706,16.457315,88.39579,21.730444,50.208027,0.7147828,5.8041854,24.225187,57.843285,23.095652,10.522447,51.262756,118.42912,44.309887,22.856482,NaN,15.32621,23.137732,4.1691666,3.6423547,34.60017,57.229168,11.991046,10.637951,1.5939394,11.218865,12.927022,0.5966018,1.1115546,45.701912,52.17896,1.7859362,4.691112,6.3323703,233.44861,132.61838,94.49787,0.94538933,35.857433,19.918373,14.9936695,NaN,NaN,NaN,NaN,2.757824,14.128855,1.021143,10.349888,229.0,274.0,14.0,31.0,11.884427,38.740055,4.4941206,22.36151,7.148452,27.254648,7.6544013,19.382837,8.940343,2.7880945,20.192556,39.068302,13.432446,5.4433002,70.327896,70.45093,0.12303512,33.484653,33.564842,0.08018919,218.66704,527.31946,175.97183,132.6806,254.5092,527.6679,117.96034,155.19836
1998-01-01T00:00:00Z,7.671381,28.3495,69.8862,72.70256,1.7700099,1.0463561,12.888199,13.603164,0.09529661,0.6196686,5.8109717,15.476201,3.228823,6.436406,37.76281,101.13007,20.043266,43.323997,0.6094366,2.6125607,17.662739,45.234516,18.752382,8.819395,34.97687,78.25677,30.552347,12.727545,NaN,4.801671,16.310558,4.8667884,6.6421,15.779005,40.996696,10.89186,14.325832,1.3276922,7.2100406,8.855977,0.5550611,1.0908751,29.231602,34.15931,1.278496,3.6492126,5.723393,232.87653,125.435104,101.71803,0.62869066,21.959423,11.118093,10.212641,NaN,NaN,NaN,NaN,0.96364844,8.801877,0.89861596,6.9396124,122.0,151.0,6.0,23.0,4.8817,24.91316,4.13444,15.897021,6.803699,17.686762,1.9969168,6.277086,2.8560498,1.4241192,13.649089,24.003471,6.14412,4.2102623,2.8944795,2.9032934,0.008813753,2.5920634,2.5978532,0.005789821,116.9548,411.5011,158.4216,136.1247,152.40706,367.63782,84.34836,130.8824
1999-01-01T00:00:00Z,7.885127,28.89381,76.77924,79.30252,1.5612152,0.96206206,14.21951,14.814701,0.1440769,0.45111433,4.920776,15.853863,4.1389337,6.7941537,29.178307,102.82922,25.572493,48.078426,0.5001082,5.532433,14.125865,44.86781,19.77773,10.964212,30.277231,79.565605,34.48329,14.8050785,373.32,7.6492157,11.866286,2.081363,2.1357074,24.741789,36.77609,6.0803547,5.953945,1.1308359,8.514701,10.512225,0.7185475,1.2789773,35.584015,40.623447,1.6204201,3.4190106,1.3077135,224.59068,80.71279,142.57018,0.18148503,30.122833,10.343353,19.597996,NaN,NaN,NaN,NaN,2.0112102,6.160116,0.7084035,3.4405026,88.0,160.0,21.0,50.0,11.695298,22.90256,3.206129,8.001132,7.378424,28.255735,3.552934,14.764265,9.315751,1.8955793,13.289596,33.205826,15.372222,4.544007,91.91201,91.91313,0.001120827,51.57442,51.57442,7.85E-7,210.7778,502.2293,119.0566,172.3949,210.75441,438.4124,96.8866,130.77141
2000-01-01T00:00:00Z,7.8622165,27.85055,92.16015,107.287384,9.8737135,5.2535214,19.123877,22.034075,1.7109337,1.1992642,4.4801836,22.363031,7.1469216,10.735926,29.31748,152.69554,48.648746,74.72931,0.61528766,6.0492606,11.625255,39.124866,17.936243,9.563368,29.94017,82.57989,36.42146,16.218256,299.728,3.7038996,10.938438,3.9739008,3.2606382,14.19059,34.765766,11.451449,9.123726,0.9507757,8.921064,11.209385,0.9542668,1.3340539,38.070316,44.972057,2.4480917,4.45365,4.986116,206.76886,112.38842,89.39432,1.1523421,32.17736,15.650479,15.374539,NaN,NaN,NaN,NaN,2.7291052,10.116729,1.4283065,5.959317,186.0,322.0,59.0,77.0,16.057276,37.26104,6.157209,15.046557,8.260049,31.402384,2.6250985,16.757711,11.621369,2.5112443,11.233959,33.268124,16.531857,5.5023074,118.803474,118.80914,0.005671719,41.421654,41.42174,8.93E-5,250.03687,545.43427,165.40813,129.98924,200.51323,506.79126,139.13022,167.14781
2001-01-01T00:00:00Z,8.221815,28.848452,84.51943,109.988846,13.375852,12.093568,17.894732,22.4193,2.3076484,2.2169197,3.173126,13.757027,3.3905458,7.1933546,21.130411,93.08562,23.20423,48.750973,0.6938754,7.5720124,9.68136,32.046555,13.972011,8.393182,23.902252,66.90367,28.440842,14.560577,297.72,4.472874,12.718915,4.1001825,4.1458583,12.844472,35.700035,11.199264,11.656301,0.68709373,7.805675,10.276627,1.1217954,1.3491565,31.422422,38.41874,2.62824,4.368078,2.3061697,173.94589,127.89842,43.741302,0.25264618,18.930056,13.791102,4.886308,NaN,NaN,NaN,NaN,1.2608513,17.219591,2.3950555,13.5636835,100.0,413.0,122.0,191.0,7.050685,30.832785,8.613399,15.168702,8.648659,26.661882,2.543568,19.05703,12.990026,3.5234354,8.761178,26.30502,12.097002,5.4468393,86.383255,86.385124,0.00186744,24.989113,24.989498,3.83789E-4,202.14835,477.73135,179.30276,96.28025,148.25436,387.0088,102.42149,136.33293
2002-01-01T00:00:00Z,8.633859,29.937073,70.76864,110.50674,22.866022,16.872078,13.633394,21.16666,3.8382173,3.6950476,2.232175,17.077219,5.979231,8.865813,13.64715,100.176056,34.38226,52.14665,1.4379501,5.9352574,9.491828,31.674606,9.699529,12.48325,23.009895,55.983547,19.931728,13.041923,245.31044,3.5123577,10.834289,1.9802475,5.341683,10.003942,25.061195,4.314903,10.742352,0.5437567,8.455207,10.836751,1.0691665,1.3123775,30.512041,36.802216,2.253508,4.036667,2.7732973,130.45891,94.134766,33.55085,0.38778576,18.626152,13.427039,4.8113265,NaN,NaN,NaN,NaN,2.635107,20.743223,2.7811089,15.327007,183.0,399.0,84.0,132.0,11.338574,38.568474,10.098983,17.130919,8.963496,27.015814,2.6626632,26.703115,18.93381,5.1066422,8.592191,32.641293,17.531754,6.5173473,72.87683,72.87884,0.002006693,26.585295,26.58615,8.55048E-4,175.41022,434.36862,157.55772,101.40068,137.71295,387.4853,106.135345,143.637
2003-01-01T00:00:00Z,9.002085,30.934975,42.46778,80.7939,25.64073,12.685389,7.4793406,14.277497,3.9234672,2.8746898,7.0216703,28.025448,7.8401375,13.16364,34.94356,138.92474,36.678802,67.302376,1.2998954,10.307242,8.885465,29.63149,11.788701,8.957325,21.019596,60.93244,24.366484,15.546359,226.10175,2.6963346,17.636063,4.1593423,10.780386,8.943808,39.911854,8.764581,22.203466,0.20891607,6.9474936,9.346207,0.85130537,1.5474074,26.189453,32.46082,1.912063,4.3593016,1.7410744,141.94408,99.34051,40.8625,0.24147344,19.609222,13.736986,5.630764,NaN,NaN,NaN,NaN,3.426635,20.94935,3.057193,14.465522,95.0,423.0,154.0,173.0,17.72939,45.14062,12.59045,14.82078,9.57374,26.876503,1.5879554,14.992463,9.359589,4.044919,4.9889474,17.810127,7.552135,5.2690444,45.060493,45.0727,0.012207078,36.0313,36.038548,0.007247182,119.83712,390.78275,162.14796,108.797676,157.57072,432.76245,109.68997,165.50175
2004-01-01T00:00:00Z,9.238439,31.433926,57.694237,103.65834,36.458538,9.505569,9.206709,17.841368,6.422714,2.2119448,10.455038,32.85771,10.782408,11.620266,52.53391,169.30551,54.68799,62.08362,1.8189435,6.64254,7.5399656,27.270693,11.730768,7.9999595,18.276922,55.152878,22.342344,14.533608,158.96112,2.0710754,15.182203,4.879423,8.231705,6.5334353,41.08246,12.73938,21.809645,0.03889774,7.344975,10.383587,1.0293134,2.0092986,26.44617,33.75686,1.9785569,5.3321304,4.7422023,217.23984,124.44125,88.05637,0.88845235,28.195219,17.976894,9.329872,NaN,NaN,NaN,NaN,3.291514,20.42341,2.6956904,14.436206,223.0,489.0,128.0,138.0,25.165339,68.14094,18.09973,24.875874,10.589501,27.571693,1.5979836,10.171977,5.5743437,2.9996495,5.256506,17.12498,6.84997,5.0185056,41.025623,41.04535,0.019726733,28.13491,28.142628,0.007716007,135.76424,480.90408,197.71732,147.42253,172.44366,489.54605,141.38007,175.7223
2005-01-01T00:00:00Z,9.305806,31.343206,49.63753,102.496086,45.577805,7.2807546,6.6596866,16.184338,7.972984,1.5516676,11.947007,41.720634,15.2960205,14.47761,55.0632,191.43623,66.96361,69.409424,1.3962495,6.110394,7.3004575,27.948616,12.520896,8.127263,18.159641,58.356136,24.614767,15.58173,170.84024,1.5465325,10.04144,3.6705995,4.8243084,4.7567463,31.082489,11.926881,14.398863,-0.021030072,6.7743654,9.956588,1.677184,1.5050381,23.930613,32.374554,2.3799667,6.0639734,3.875809,260.12042,158.22841,98.0162,0.5820641,39.489895,23.695778,15.212053,6.023372,7.079835,0.56740767,0.489109,2.2584324,13.184075,2.137435,8.788209,144.0,274.0,42.0,88.0,17.376001,51.327995,14.117983,19.834011,11.811217,27.693674,1.3366524,11.85736,7.1880054,3.332702,5.898958,21.248266,9.474615,5.8746924,55.739456,55.753937,0.01448139,42.564972,42.572025,0.007053755,145.08282,541.5163,246.9431,149.49036,174.99821,517.85223,161.31662,181.53741
2006-01-01T00:00:00Z,9.50549,31.706081,69.65935,111.67782,36.91872,5.09975,12.218097,17.968395,4.9193983,0.83090085,11.3335905,35.16154,12.537567,11.290384,53.639782,166.38533,56.37697,56.368584,1.6500777,5.810878,6.6574225,24.861298,12.598153,5.6057224,18.2742,58.49584,25.92567,14.295968,181.0228,0.9274055,13.4987955,3.8656123,8.705777,4.6702533,34.88435,10.471154,19.74294,-0.22852455,6.5876966,8.657131,0.90678024,1.1626542,24.468964,32.029964,2.1345465,5.426455,5.42949,266.95288,163.31642,98.206985,0.8217656,44.566967,27.446947,16.298252,5.035752,6.1599326,0.54923487,0.57499284,0.53905785,14.126116,0.82403123,12.763027,98.0,172.0,27.0,47.0,6.846949,45.864853,6.434922,32.58298,11.749845,29.279282,0.5452471,9.251531,5.5496426,3.1566405,5.48977,16.183918,6.0079293,4.6862197,49.158306,49.18548,0.027171997,35.05731,35.07765,0.020340955,154.89069,541.21936,237.16884,149.15985,161.4941,480.68527,139.93692,179.25426
2007-01-01T00:00:00Z,9.301274,30.798897,97.843895,146.6982,43.42265,5.43165,13.443954,20.438328,5.8725443,1.1218281,6.742013,22.978506,6.9176693,9.318824,41.24346,144.92421,42.4001,61.280643,1.3727181,7.116636,7.581279,26.725,14.164276,4.9794464,19.93185,57.439022,26.117447,11.389725,194.64508,1.7908514,12.519478,4.7487664,5.97986,6.891666,32.285564,12.067252,13.326645,-0.3084713,7.2834578,9.46408,0.97191495,1.2087069,23.106035,30.75669,2.4085286,5.2421246,2.9679532,217.68042,116.08695,98.62551,0.49241954,43.795063,23.240404,20.062237,4.567024,6.0572968,0.93410784,0.5562223,0.7926659,11.489019,0.6252524,10.071101,48.0,209.0,68.0,93.0,9.997043,44.006657,5.9226184,28.086994,11.509354,28.101246,0.91586196,12.101362,9.145594,2.0399063,5.2076864,22.172411,12.092089,4.872635,49.475784,49.47642,6.36844E-4,37.08176,37.082134,3.76169E-4,178.54811,516.4602,197.10168,140.81038,157.39717,467.4202,130.30962,179.71341
2008-01-01T00:00:00Z,8.729113,28.667015,77.47071,110.46956,25.464804,7.534048,13.610157,22.63158,7.011803,2.009621,4.409297,20.090912,5.613984,10.067632,30.339119,137.16614,36.059204,70.76782,1.2325065,7.6990604,8.272853,31.166996,17.470871,5.4232736,22.023016,66.8713,32.92225,11.926036,223.82,0.8525463,11.61032,4.032287,6.7254863,3.8257775,37.97211,13.0945015,21.051832,-0.3132818,7.2484493,11.062407,1.6244382,2.1895185,27.69177,36.65593,3.1185644,5.845597,5.360272,248.50108,112.85165,130.28915,1.4627947,76.73247,35.860004,39.40967,4.0835013,5.127937,0.5939178,0.45054296,6.16886E-4,9.003268,0.8483532,8.154298,0.0,47.0,14.0,34.0,0.0,33.726963,5.0924425,28.634521,11.649361,26.466824,1.3692099,16.318401,11.590722,3.3584688,6.9531794,30.704557,17.177946,6.5734324,38.10032,38.100323,4.54E-6,32.334087,32.334087,1.83E-7,145.96606,503.30103,180.17342,177.16154,138.24156,512.49585,150.49887,223.75543
2009-01-01T00:00:00Z,8.575209,27.895908,48.114193,83.15287,23.786085,11.25259,11.196222,20.10931,6.484498,2.4285898,3.4253793,17.368805,5.9691153,7.97431,20.166325,103.16676,32.005726,50.994713,0.12078044,7.923261,8.550544,33.481007,18.78217,6.1482916,24.105362,72.905464,34.33477,14.465334,259.2026,1.3481165,13.272397,4.599086,7.3251944,4.363197,36.916203,12.527921,20.025084,-0.563229,7.909056,10.346325,0.97404146,1.463227,27.80006,34.522655,2.0609734,4.6616206,1.825758,121.57153,51.82954,67.91624,0.24575981,19.864542,8.80367,10.815111,4.2486725,5.5848556,0.7993042,0.53695816,6.09329E-4,15.797954,1.0490253,14.74832,1.0,243.0,91.0,151.0,1.64086E-4,31.818312,4.332571,27.485577,11.20382,22.355791,1.6356335,15.249965,10.078568,3.5357633,6.7336226,20.333279,8.544909,5.054746,93.10599,93.10616,1.77355E-4,69.48683,69.48683,0.0,168.90723,410.77988,117.99305,123.87959,164.09813,453.80682,109.421555,180.28712
2010-01-01T00:00:00Z,8.945912,28.848452,37.08029,71.14253,21.19577,12.866473,6.2584343,16.165825,6.2948794,3.6125104,8.421339,29.887527,10.553067,10.91312,42.945225,167.83684,53.488388,71.40323,0.7210453,8.407519,7.7615247,30.09016,16.874104,5.4545336,23.989826,68.714806,30.55468,14.170297,207.77023,1.0902761,11.925289,4.8552,5.9798126,4.612915,36.756336,14.791742,17.35168,-0.604011,6.9924526,9.849216,1.281814,1.57495,30.314465,38.92176,2.4679205,6.139377,7.6359925,171.05017,82.45843,80.95574,1.6918553,35.21152,18.635515,14.88415,3.6759436,5.084461,0.7977597,0.61083364,0.11841645,14.839909,1.2592565,13.462236,15.0,111.0,23.0,73.0,1.4460979,60.830032,9.164136,50.2198,11.473495,22.434856,2.0532463,21.002453,14.340627,4.6085806,5.885903,26.046638,13.4682,6.692535,130.84468,130.85225,0.007576807,84.71667,84.71667,0.0,205.12236,498.0582,153.7609,139.17496,201.86139,584.7683,149.16336,233.74358
2011-01-01T00:00:00Z,9.580959,30.708178,33.425545,52.933334,11.080226,8.427563,7.6760216,14.222566,3.7501216,2.7964227,13.151441,36.35685,9.674799,13.53061,68.74295,227.73239,57.456196,101.53324,0.8113788,7.4672847,7.366884,26.641563,13.61729,5.65739,28.86415,80.7568,33.313427,18.579224,121.982605,1.3596172,11.767635,4.393282,6.0147357,6.4840117,54.535557,21.983286,26.068258,-0.8153549,7.209751,10.454176,1.4838951,1.76053,34.999786,48.011074,3.5859473,9.42534,0.004943658,231.26198,123.27757,107.979454,2.74168E-4,66.46474,36.673515,29.790945,3.8606548,5.092545,0.65089226,0.58107334,0.51657206,19.36108,1.108179,17.73633,50.0,143.0,24.0,69.0,5.96822,63.726048,7.8919287,49.8659,11.5652895,23.459753,3.7300372,30.308132,21.95036,4.6277356,10.002117,47.53549,29.16897,8.364402,121.51279,121.51281,2.45E-5,77.92064,77.92064,1.41E-6,191.54189,548.3789,187.34998,169.48705,240.65817,749.9219,194.01657,315.24713
2012-01-01T00:00:00Z,9.423486,29.982431,30.761684,112.311226,44.560936,36.98861,6.869592,26.868551,10.421284,9.577675,15.268963,29.940237,6.52123,8.150044,111.62878,229.97191,48.317493,70.025635,0.15581024,8.695631,6.431373,24.96568,13.079811,5.4544964,20.50884,61.114975,27.12759,13.478545,117.445274,0.89890426,14.189544,4.5121403,8.7785,3.824277,53.483788,17.263048,32.39646,-1.1052138,7.5476356,11.143527,1.2780709,2.317821,33.966457,48.6262,2.9780383,11.681707,0.079377435,160.14299,111.06656,48.99705,0.028314974,55.352196,37.22078,18.103102,4.7863264,6.6156597,0.9653143,0.8640478,1.3117596,11.371147,0.88606226,9.173326,124.0,224.0,35.0,65.0,14.667313,55.268604,7.9099226,32.69137,11.607409,22.316952,3.2701342,30.139776,22.31214,4.5575023,9.525943,45.756554,28.27976,7.950851,97.71632,97.71636,5.03E-5,72.73464,72.73464,0.0,166.67963,499.8923,205.29213,127.920555,273.75418,711.2088,179.71385,257.74075
2013-01-01T00:00:00Z,9.529504,30.11851,24.198038,82.20391,26.953205,31.052666,6.090018,21.74529,7.1646886,8.490584,12.025737,32.094135,8.276685,11.791715,81.51848,226.55621,54.88407,90.15366,NaN,6.8336368,6.701876,25.222742,14.309374,4.2114916,19.757784,54.073414,25.007467,9.308162,133.63023,0.6113654,13.09886,4.63215,7.855345,2.8336923,47.931835,18.022703,27.07544,-1.0323042,8.136132,12.135735,2.004213,1.9953893,34.55974,47.73445,4.2892504,8.885461,0.003771167,233.58046,190.84816,42.72854,1.79688E-4,72.6782,59.25247,13.425554,4.7996087,6.5413294,0.8219774,0.91980803,1.9748659,26.138744,1.60452,22.559359,116.0,236.0,45.0,75.0,25.710108,87.11677,13.921187,47.485474,11.671935,22.148846,4.3220925,32.43886,21.632498,6.484273,10.525644,47.599327,27.368176,9.705504,104.411606,104.41167,6.17E-5,82.59559,82.59559,0.0,166.03864,569.5555,271.2293,132.28754,263.59125,746.77356,210.26495,272.91736
2014-01-01T00:00:00Z,9.54694,29.937073,27.49925,46.275444,9.876858,8.899336,6.623558,15.21184,4.40358,4.184701,9.0638895,24.274187,6.54754,8.662758,71.0038,210.10005,55.375355,83.7209,NaN,9.2442875,6.927777,23.25325,13.057155,3.268318,22.368856,56.960854,24.05279,10.539205,108.94435,2.1861334,14.3708935,3.9794378,8.205321,5.83529,41.347214,12.156595,23.355328,-1.0047739,7.7380276,10.680044,1.4867301,1.4552866,38.299873,49.53958,3.3154926,7.9242125,7.37684,264.13818,225.60675,31.154583,2.0793917,70.70356,60.243294,8.380873,5.500244,7.65031,0.9966823,1.1535164,1.1706024,17.007732,2.922447,12.914683,75.0,356.0,118.0,163.0,13.385932,78.78629,22.184443,43.21592,11.444782,22.381767,4.500171,42.382652,23.617134,14.265347,12.963706,67.34556,32.6498,21.732054,104.09228,104.09275,4.70829E-4,80.40035,80.4008,4.50839E-4,174.07414,555.1604,288.26373,92.82254,252.96075,727.9395,214.74638,260.23242
2015-01-01T00:00:00Z,9.709253,30.209227,26.137749,29.628448,2.7833173,0.7073818,4.3466763,5.805178,0.9973655,0.46113643,8.633678,20.429329,3.7517695,8.0438795,70.36589,194.00444,37.40026,86.23829,NaN,10.431387,6.6111345,25.697783,15.1052265,3.981421,22.140427,64.8419,31.708424,10.993055,97.35288,1.1320504,12.376141,3.4432046,7.800885,2.83952,35.05133,10.178326,22.033484,-1.6240925,5.8517003,9.220378,1.690508,1.6781697,33.292484,46.62513,3.4472287,9.885419,0.13620523,154.15912,127.39936,26.62355,0.026091803,27.82251,22.989412,4.8070045,6.593854,8.823516,1.0470124,1.1826823,0.6170843,12.004721,1.4383694,9.949267,38.0,189.0,38.0,114.0,8.964183,53.321507,13.1043825,31.25294,11.812031,21.959354,4.320728,47.739513,24.300827,19.117958,15.535087,96.72549,44.853115,36.337288,36.80619,36.80619,0.0,26.991486,26.991486,0.0,94.94966,357.9592,181.24103,81.76851,184.50212,602.1406,165.28351,252.35497
2016-01-01T00:00:00Z,9.7519865,30.163868,11.369577,17.732964,5.691394,0.6719933,2.205303,3.8325078,1.2596855,0.36751947,6.211875,22.857409,6.4616747,10.183859,45.50824,202.18753,55.885628,100.79366,NaN,8.01694,5.8474364,26.337343,16.62815,3.861755,20.492298,66.960335,34.861897,11.606137,92.65046,1.2335706,11.556623,3.2925344,7.0305185,4.412702,44.892803,13.61436,26.86574,-2.1135058,4.571046,7.6854005,1.5173084,1.597046,30.112146,42.80276,3.1388652,9.551752,0.05775534,262.3267,192.62572,69.64323,0.010949333,51.00622,40.517204,10.478069,4.0970063,6.0221252,0.9173176,1.007841,0.3214557,8.770677,0.84666866,7.6025524,38.0,84.0,13.0,33.0,5.6848583,44.70996,9.053301,29.9718,11.914616,21.879467,2.1866505,25.091465,16.141394,6.7634215,11.828029,52.581047,27.48861,13.26441,37.09157,38.35179,1.2602166,42.599037,43.841286,1.2422487,72.43044,429.41623,245.73767,111.24813,162.85358,619.4114,188.05083,268.50696
2017-01-01T00:00:00Z,10.0964985,30.980333,9.179026,10.709334,1.0911413,0.439167,2.2265868,2.5279503,0.041655023,0.25970846,10.897726,32.996174,9.2836485,12.814797,79.217636,252.28185,67.02535,106.03886,NaN,6.7170115,7.9359164,35.858185,22.804476,5.117791,24.78703,75.97221,37.927402,13.257783,87.64926,2.685062,10.006429,2.1575515,5.163815,5.591478,41.815132,11.477905,24.74575,-2.164812,3.9890068,7.161129,1.4715756,1.7005466,29.2,42.292427,3.515805,9.576624,0.004993644,354.23126,241.95013,112.276115,5.03111E-4,64.203674,46.589634,17.613535,4.683411,6.2215023,0.8354518,0.7026506,0.25958434,10.356214,0.54969406,9.546935,63.0,145.0,26.0,56.0,5.09717,45.46958,5.9024625,34.46995,10.873019,22.61272,2.3638601,16.249743,10.481462,3.4044204,10.404183,31.66678,13.660715,7.601881,62.411724,62.41176,3.63E-5,72.98384,72.98384,0.0,103.59878,548.4804,290.9624,153.9192,229.5135,695.57367,186.8704,279.1898
2018-01-01T00:00:00Z,10.024164,30.61746,21.604836,22.491945,0.4002557,0.48685458,3.9403956,4.213491,0.007071201,0.266024,10.050433,31.059582,10.495432,10.513716,75.69407,252.61617,77.558685,99.36341,NaN,NaN,6.369132,37.936947,24.368977,7.198837,18.741179,62.111626,32.916668,10.453781,76.41609,2.997056,9.788884,2.6403596,4.1514683,5.05502,30.428984,10.113391,15.260573,-2.3306737,3.6816375,6.7182407,1.3774297,1.6591736,28.825535,40.968334,3.5282395,8.614559,2.5345337,318.30707,202.74881,113.023735,0.48615178,56.096615,39.47785,16.132612,4.223872,5.7334175,0.82595795,0.6835982,0.48390883,9.116909,0.4526994,8.180301,87.0,163.0,31.0,45.0,7.995426,48.13255,5.9610248,34.176098,NaN,22.964277,3.2125657,23.725748,16.288473,4.2247086,12.915031,51.240955,28.121584,10.20434,33.17818,36.374348,3.1961656,37.2257,40.424435,3.1987348,87.26568,503.55133,263.18237,153.10327,190.87851,650.6496,201.88347,257.88757
2019-01-01T00:00:00Z,NaN,NaN,15.813196,17.717768,1.5055883,0.3989836,2.722816,2.9997582,0.047087003,0.22985542,6.6489887,25.352505,8.487836,10.215679,51.247704,211.55904,68.59635,91.71498,NaN,NaN,6.1110883,36.473354,22.985502,7.376763,17.660656,55.23723,28.85917,8.7174015,66.89688,1.3357736,8.353182,2.9886286,4.02878,4.444055,30.58415,11.122562,15.017532,NaN,2.921676,6.205602,1.4836069,1.8003196,24.520582,37.38191,3.68153,9.179798,0.026563726,317.0062,198.9301,118.04954,0.005854139,66.22568,43.580166,22.639662,4.3891716,6.9023776,1.2558807,1.2573867,1.3535949,5.3795266,0.45952448,3.5664074,89.0,236.0,73.0,74.0,17.021715,35.9789,4.2830377,14.674147,NaN,NaN,1.9494472,18.818829,12.194981,4.6744013,9.909037,42.01316,20.521952,11.5821705,12.350337,14.730887,2.3805506,13.822222,16.779797,2.957574,51.75612,456.3046,250.45769,154.09079,141.35948,546.5579,184.57875,220.6197
2020-01-01T00:00:00Z,NaN,NaN,9.268106,10.178402,0.62790537,0.28238937,1.4924828,1.6556244,0.008690012,0.1544515,6.9065986,23.190948,9.095038,7.1893106,49.64901,183.0119,72.91091,60.45198,NaN,NaN,5.922216,29.031828,18.863808,4.245805,13.450953,34.74943,18.455856,2.8426232,NaN,2.382384,8.84313,2.0082917,4.4524546,6.0646944,27.644466,7.0303173,14.549455,NaN,2.6185975,5.138479,1.4256438,1.0942378,25.656313,32.171738,3.2675416,3.2478848,5.084313,287.77167,222.543,60.144344,0.65189964,40.911964,33.21786,7.042201,NaN,NaN,0.69325095,NaN,1.0015707,3.1722105,0.705069,1.4655708,NaN,NaN,NaN,NaN,13.889847,24.26892,5.0866795,5.292395,NaN,NaN,1.0554047,27.271152,19.58435,6.6313972,7.7985363,39.38418,22.78244,8.803201,20.44386,25.114628,4.670769,26.106606,32.106438,5.999833,56.903576,420.48102,276.82135,86.75611,144.76035,431.23926,169.77666,116.70225
